{"cameraMode":{"drawMode":0,"name":"Shaded","section":"Shading Mode"},"sceneLighting":true,"audioPlay":false,"sceneViewState":{"showFog":true,"showMaterialUpdate":false,"showSkybox":true,"showFlares":true,"showImageEffects":true,"showParticleSystems":true},"in2DMode":false,"pivot":{"x":13.726982116699219,"y":2.0400466918945314,"z":-15.147555351257325},"rotation":{"x":-0.20101481676101685,"y":-0.47757813334465029,"z":0.11323985457420349,"w":-0.8477552533149719},"size":8.389579772949219,"orthographic":false}